
✅ Daily commit ran at Thu Jul 31 10:37:13 UTC 2025
✅ Daily commit ran at Fri Aug  1 01:51:30 UTC 2025
✅ Daily commit ran at Sat Aug  2 01:37:09 UTC 2025
✅ Daily commit ran at Sun Aug  3 01:49:26 UTC 2025
✅ Daily commit ran at Sun Aug  3 04:30:43 UTC 2025
✅ Daily commit ran at Mon Aug  4 01:49:39 UTC 2025
✅ Daily commit ran at Tue Aug  5 01:44:46 UTC 2025
✅ Daily commit ran at Wed Aug  6 01:43:00 UTC 2025
✅ Daily commit ran at Thu Aug  7 01:43:02 UTC 2025
✅ Daily commit ran at Fri Aug  8 01:42:43 UTC 2025
✅ Daily commit ran at Sat Aug  9 01:11:12 UTC 2025
✅ Daily commit ran at Sun Aug 10 01:21:08 UTC 2025
✅ Daily commit ran at Mon Aug 11 01:18:02 UTC 2025
✅ Daily commit ran at Tue Aug 12 01:10:21 UTC 2025
✅ Daily commit ran at Wed Aug 13 01:11:45 UTC 2025
✅ Daily commit ran at Thu Aug 14 01:12:18 UTC 2025
✅ Daily commit ran at Fri Aug 15 01:12:33 UTC 2025
✅ Daily commit ran at Sat Aug 16 01:08:56 UTC 2025
✅ Daily commit ran at Sun Aug 17 01:17:10 UTC 2025
✅ Daily commit ran at Mon Aug 18 01:16:32 UTC 2025
✅ Daily commit ran at Tue Aug 19 01:09:08 UTC 2025
✅ Daily commit ran at Wed Aug 20 01:06:54 UTC 2025
✅ Daily commit ran at Thu Aug 21 01:05:57 UTC 2025
✅ Daily commit ran at Fri Aug 22 01:06:48 UTC 2025
✅ Daily commit ran at Sat Aug 23 01:04:38 UTC 2025
✅ Daily commit ran at Sun Aug 24 01:14:20 UTC 2025
✅ Daily commit ran at Mon Aug 25 01:09:42 UTC 2025
✅ Daily commit ran at Tue Aug 26 01:07:51 UTC 2025
✅ Daily commit ran at Wed Aug 27 01:05:41 UTC 2025
✅ Daily commit ran at Thu Aug 28 01:05:03 UTC 2025
✅ Daily commit ran at Fri Aug 29 01:05:06 UTC 2025
✅ Daily commit ran at Sat Aug 30 01:01:55 UTC 2025
✅ Daily commit ran at Sun Aug 31 01:09:39 UTC 2025
✅ Daily commit ran at Mon Sep  1 01:16:16 UTC 2025
✅ Daily commit ran at Tue Sep  2 01:06:01 UTC 2025
✅ Daily commit ran at Wed Sep  3 01:02:00 UTC 2025
✅ Daily commit ran at Thu Sep  4 01:01:49 UTC 2025
✅ Daily commit ran at Fri Sep  5 01:03:37 UTC 2025
✅ Daily commit ran at Sat Sep  6 01:02:05 UTC 2025
✅ Daily commit ran at Sun Sep  7 01:08:24 UTC 2025
✅ Daily commit ran at Mon Sep  8 01:07:13 UTC 2025
✅ Daily commit ran at Tue Sep  9 01:04:27 UTC 2025
✅ Daily commit ran at Wed Sep 10 01:03:08 UTC 2025
✅ Daily commit ran at Thu Sep 11 01:04:16 UTC 2025
✅ Daily commit ran at Fri Sep 12 01:01:42 UTC 2025
✅ Daily commit ran at Sat Sep 13 00:59:19 UTC 2025
✅ Daily commit ran at Sun Sep 14 01:08:02 UTC 2025
✅ Daily commit ran at Mon Sep 15 01:08:17 UTC 2025
✅ Daily commit ran at Tue Sep 16 01:02:49 UTC 2025
✅ Daily commit ran at Wed Sep 17 01:02:30 UTC 2025
✅ Daily commit ran at Thu Sep 18 01:02:20 UTC 2025
✅ Daily commit ran at Fri Sep 19 01:04:16 UTC 2025
✅ Daily commit ran at Sat Sep 20 01:01:38 UTC 2025
✅ Daily commit ran at Sun Sep 21 01:09:47 UTC 2025
✅ Daily commit ran at Mon Sep 22 01:08:53 UTC 2025
✅ Daily commit ran at Tue Sep 23 01:02:51 UTC 2025
✅ Daily commit ran at Wed Sep 24 01:03:43 UTC 2025
✅ Daily commit ran at Thu Sep 25 01:04:12 UTC 2025
✅ Daily commit ran at Fri Sep 26 01:04:01 UTC 2025
✅ Daily commit ran at Sat Sep 27 01:01:25 UTC 2025
✅ Daily commit ran at Sun Sep 28 01:10:37 UTC 2025
✅ Daily commit ran at Mon Sep 29 01:05:45 UTC 2025
✅ Daily commit ran at Tue Sep 30 01:04:57 UTC 2025
✅ Daily commit ran at Wed Oct  1 01:11:47 UTC 2025
✅ Daily commit ran at Thu Oct  2 01:02:44 UTC 2025
✅ Daily commit ran at Fri Oct  3 01:02:33 UTC 2025
✅ Daily commit ran at Sat Oct  4 01:00:16 UTC 2025
✅ Daily commit ran at Sun Oct  5 01:09:53 UTC 2025
✅ Daily commit ran at Mon Oct  6 01:04:44 UTC 2025
✅ Daily commit ran at Tue Oct  7 01:03:41 UTC 2025
✅ Daily commit ran at Wed Oct  8 01:03:12 UTC 2025
✅ Daily commit ran at Thu Oct  9 01:04:04 UTC 2025
✅ Daily commit ran at Fri Oct 10 01:03:56 UTC 2025
✅ Daily commit ran at Sat Oct 11 01:01:12 UTC 2025
✅ Daily commit ran at Sun Oct 12 01:07:00 UTC 2025
✅ Daily commit ran at Mon Oct 13 01:08:36 UTC 2025
✅ Daily commit ran at Tue Oct 14 01:04:09 UTC 2025
✅ Daily commit ran at Wed Oct 15 01:05:55 UTC 2025
✅ Daily commit ran at Thu Oct 16 01:05:18 UTC 2025
✅ Daily commit ran at Fri Oct 17 01:04:41 UTC 2025
✅ Daily commit ran at Sat Oct 18 01:02:00 UTC 2025
✅ Daily commit ran at Sun Oct 19 01:13:00 UTC 2025
✅ Daily commit ran at Mon Oct 20 01:10:13 UTC 2025
✅ Daily commit ran at Tue Oct 21 01:07:11 UTC 2025
✅ Daily commit ran at Wed Oct 22 01:08:03 UTC 2025
✅ Daily commit ran at Thu Oct 23 01:06:24 UTC 2025
✅ Daily commit ran at Fri Oct 24 01:02:44 UTC 2025
✅ Daily commit ran at Sat Oct 25 01:04:04 UTC 2025
✅ Daily commit ran at Sun Oct 26 01:11:11 UTC 2025
✅ Daily commit ran at Mon Oct 27 01:12:29 UTC 2025
✅ Daily commit ran at Tue Oct 28 01:05:17 UTC 2025
✅ Daily commit ran at Wed Oct 29 01:10:19 UTC 2025
✅ Daily commit ran at Thu Oct 30 01:09:56 UTC 2025
✅ Daily commit ran at Fri Oct 31 01:07:24 UTC 2025
✅ Daily commit ran at Sat Nov  1 01:11:15 UTC 2025
✅ Daily commit ran at Sun Nov  2 01:12:09 UTC 2025
✅ Daily commit ran at Mon Nov  3 01:10:59 UTC 2025
✅ Daily commit ran at Tue Nov  4 01:07:52 UTC 2025
✅ Daily commit ran at Wed Nov  5 01:09:49 UTC 2025
✅ Daily commit ran at Thu Nov  6 01:09:01 UTC 2025
✅ Daily commit ran at Fri Nov  7 01:08:07 UTC 2025
✅ Daily commit ran at Sat Nov  8 01:05:02 UTC 2025
✅ Daily commit ran at Sun Nov  9 01:11:44 UTC 2025
✅ Daily commit ran at Mon Nov 10 01:11:35 UTC 2025
✅ Daily commit ran at Tue Nov 11 01:09:52 UTC 2025
✅ Daily commit ran at Wed Nov 12 01:09:11 UTC 2025
✅ Daily commit ran at Thu Nov 13 01:09:40 UTC 2025
✅ Daily commit ran at Fri Nov 14 01:08:45 UTC 2025
✅ Daily commit ran at Sat Nov 15 01:07:05 UTC 2025
✅ Daily commit ran at Sun Nov 16 01:13:37 UTC 2025
✅ Daily commit ran at Mon Nov 17 01:10:02 UTC 2025
✅ Daily commit ran at Tue Nov 18 01:08:50 UTC 2025
✅ Daily commit ran at Wed Nov 19 01:08:42 UTC 2025
✅ Daily commit ran at Thu Nov 20 01:07:20 UTC 2025
✅ Daily commit ran at Fri Nov 21 01:08:11 UTC 2025
✅ Daily commit ran at Sat Nov 22 01:05:40 UTC 2025
✅ Daily commit ran at Sun Nov 23 01:18:06 UTC 2025
✅ Daily commit ran at Mon Nov 24 01:13:37 UTC 2025
✅ Daily commit ran at Tue Nov 25 01:08:53 UTC 2025
✅ Daily commit ran at Wed Nov 26 01:09:29 UTC 2025
✅ Daily commit ran at Thu Nov 27 01:08:16 UTC 2025
✅ Daily commit ran at Fri Nov 28 01:06:55 UTC 2025
✅ Daily commit ran at Sat Nov 29 01:07:29 UTC 2025
✅ Daily commit ran at Sun Nov 30 01:17:41 UTC 2025
✅ Daily commit ran at Mon Dec  1 01:21:59 UTC 2025
✅ Daily commit ran at Tue Dec  2 01:10:49 UTC 2025
✅ Daily commit ran at Wed Dec  3 01:10:58 UTC 2025
✅ Daily commit ran at Thu Dec  4 01:10:46 UTC 2025
✅ Daily commit ran at Fri Dec  5 01:11:11 UTC 2025
✅ Daily commit ran at Sat Dec  6 01:07:22 UTC 2025
✅ Daily commit ran at Sun Dec  7 01:17:54 UTC 2025
✅ Daily commit ran at Mon Dec  8 01:11:22 UTC 2025
✅ Daily commit ran at Tue Dec  9 01:10:59 UTC 2025
✅ Daily commit ran at Wed Dec 10 01:12:42 UTC 2025
✅ Daily commit ran at Thu Dec 11 01:13:34 UTC 2025
✅ Daily commit ran at Fri Dec 12 01:13:25 UTC 2025
✅ Daily commit ran at Sat Dec 13 01:08:37 UTC 2025
✅ Daily commit ran at Sun Dec 14 01:18:09 UTC 2025
✅ Daily commit ran at Mon Dec 15 01:15:22 UTC 2025
✅ Daily commit ran at Tue Dec 16 01:14:12 UTC 2025
✅ Daily commit ran at Wed Dec 17 01:08:43 UTC 2025
✅ Daily commit ran at Thu Dec 18 01:10:04 UTC 2025
✅ Daily commit ran at Fri Dec 19 01:13:33 UTC 2025
✅ Daily commit ran at Sat Dec 20 01:09:13 UTC 2025
✅ Daily commit ran at Sun Dec 21 01:17:45 UTC 2025
✅ Daily commit ran at Mon Dec 22 01:16:17 UTC 2025
✅ Daily commit ran at Tue Dec 23 01:13:21 UTC 2025
✅ Daily commit ran at Wed Dec 24 01:12:26 UTC 2025
✅ Daily commit ran at Thu Dec 25 01:13:08 UTC 2025
✅ Daily commit ran at Fri Dec 26 01:13:24 UTC 2025
✅ Daily commit ran at Sat Dec 27 01:11:24 UTC 2025
✅ Daily commit ran at Sun Dec 28 01:21:35 UTC 2025
✅ Daily commit ran at Mon Dec 29 01:19:07 UTC 2025
✅ Daily commit ran at Tue Dec 30 01:13:48 UTC 2025
✅ Daily commit ran at Wed Dec 31 01:14:45 UTC 2025
✅ Daily commit ran at Thu Jan  1 01:21:28 UTC 2026
✅ Daily commit ran at Fri Jan  2 01:15:20 UTC 2026
✅ Daily commit ran at Sat Jan  3 01:10:38 UTC 2026
✅ Daily commit ran at Sun Jan  4 01:22:24 UTC 2026
✅ Daily commit ran at Mon Jan  5 01:21:03 UTC 2026
✅ Daily commit ran at Tue Jan  6 01:15:04 UTC 2026
✅ Daily commit ran at Wed Jan  7 01:15:22 UTC 2026
✅ Daily commit ran at Thu Jan  8 01:15:58 UTC 2026
✅ Daily commit ran at Fri Jan  9 01:15:56 UTC 2026
✅ Daily commit ran at Sat Jan 10 01:13:19 UTC 2026
✅ Daily commit ran at Sun Jan 11 01:22:07 UTC 2026
✅ Daily commit ran at Mon Jan 12 01:18:57 UTC 2026
✅ Daily commit ran at Tue Jan 13 01:12:15 UTC 2026
✅ Daily commit ran at Wed Jan 14 01:18:15 UTC 2026
✅ Daily commit ran at Thu Jan 15 01:13:50 UTC 2026
✅ Daily commit ran at Fri Jan 16 01:16:05 UTC 2026
✅ Daily commit ran at Sat Jan 17 01:12:38 UTC 2026
✅ Daily commit ran at Sun Jan 18 01:21:02 UTC 2026
✅ Daily commit ran at Mon Jan 19 01:19:46 UTC 2026
✅ Daily commit ran at Tue Jan 20 01:15:00 UTC 2026
✅ Daily commit ran at Wed Jan 21 01:17:46 UTC 2026
✅ Daily commit ran at Thu Jan 22 01:17:38 UTC 2026
✅ Daily commit ran at Fri Jan 23 01:15:47 UTC 2026
